French,English
partie,part
histoire,history
chercher,search
seulement,only
police,police
pensais,thought
aide,help
genre,kind
laisser,let
car,because
mettre,to put
aucun,no
laisse,leash
ville,city
chaque,each
parlé,speak
arrivé,come
devrait,should
longtemps,long time
vont,will
revoir,meet again
place,square
parle,speak
compris,understood
savais,knew
attention,Warning
voici,here is
pourrais,could
donner,give
type,type
leurs,their
train,train
corps,body
yeux,eyes
façon,way
écoute,listen
dont,whose
premier,first
perdu,lost
première,first
côté,side
pouvoir,power
vieux,old
sois,be
tiens,here
matin,morning
tellement,so much
enfant,child
point,point
venu,came
suite,after
pardon,sorry
venez,come
devant,in front of
vers,towards
minutes,minutes
demandé,request
chambre,bedroom
mis,placed
droit,law
aimerais,would like to
aujourd'hui,today
mari,husband
cause,cause
enfin,finally
eau,water
attendez,Wait
parti,left
nouvelle,new
boulot,job
arrêter,Stop
terre,Earth
compte,account
loin,far
fin,end
croire,believe
chérie,sweetheart
gros,large
plutôt,rather
aura,will have
filles,girls
jouer,to play
bureau,office
